ID,spacegroup,formular,Exptk,logk,bm
AgBr,225,AgBr,1.1,0.041392685,40
AgCl,225,AgCl,1,0,43
Al2O3,167,Al2O3,30,1.477121255,232
AlAs,216,AlAs,98,1.991226076,70